rouge1,rouge2,rougeL,rougeLsum
0.023608262121285695,0.0,0.023266063003249148,0.022764542320481383
